
{
  "name": "site-estudio-jacilene-felix",
  "private": true,
  "version": "0.0.0",
  "type": "module",
  "scripts": {
    "dev": "vite",
    "build": "vite build",
    "lint": "tsc --noEmit",
    "preview": "vite preview"
  },
  "dependencies": {
    "@google/genai": "^1.27.0",
    "react": "^19.2.0",
    "react-dom": "^19.2.0"
  },
  "devDependencies": {
    "@types/react": "^18.2.0",
    "@types/react-dom": "^18.2.0",
    "@vitejs/plugin-react": "^4.2.0",
    "typescript": "^5.0.0",
    "vite": "^5.0.0"
  }
}
